0_(number).html,1
Wavrechain-sous-Faulx_3e02.html,2
Wara_Seoni_5e69.html,3
Warren_Billingsley_Hitchcock_503a.html,4
Warm_Springs_Elementary_School_aa2b.html,5
WARO_ca30.html,6
War_of_Transnistria_2d12.html,7
Warsaw_Main_Rail_Station_a366.html,8
Warchalking.html,9
WAMA_b947.html,10
Want_Two_710d.html,11
Waikiki_Brothers_5d97.html,12
Waikato_Australian_Football_League_5f75.html,13
Watson's_water_hammer_pulse.html,14
Wattle_Park,_Melbourne_f262.html,15
Wattenwil.html,16
Water_buffalo.html,17
Waterloo,_Fauquier_County,_Virginia_b683.html,18
Wayne_Township,_Monroe_County,_Ohio_02b1.html,19
Wayne_Judson_238a.html,20
Waynesboro,_Pennsylvania_ca6a.html,21
Way_Cool_Jr._3327.html,22
Wager_Bay_495a.html,23
Wakayama_gubernatorial_election,_1999.html,24
Wake_Me_When_the_War_Is_Over_6986.html,25
Washington_Street_Bridge_e966.html,26
Wahlberg.html,27
Wahlbach.html,28
Wapama_Falls_8ee6.html,29
WACL_a9dc.html,30
Waco_CG-13_1a40.html,31
WACM-LP_7f73.html,32
Wally_Dallenbach_ef5a.html,33
Wales_national_rugby_union_team.html,34
Walnut_Township,_Dallas_County,_Iowa_fd84.html,35
Walter_Liggett_c52f.html,36
Walter_Emanuel_Jones_2d14.html,37
Walter_Krueger_dba7.html,38
Walter_S._Crosley_9a44.html,39
Walter_Thomas_(football_player)_665f.html,40
Walter_F._Tichy_cab0.html,41
Walter_Spies_654f.html,42
Walter_East_007a.html,43
Walker_Memorial_Hall_cac1.html,44
Walwa.html,45
Wallace_McIntosh_9f9f.html,46
Walla_Walla,_New_South_Wales_9eeb.html,47
Walter_Karig_36f7.html,48
Walter_D'Souza_210e.html,49
Wall_plate.html,50
Wallooskee_River_de4e.html,51
Walham.html,52
Wabash_River_bb2b.html,53
Waxies'_Dargle_de12.html,54
Wurly.html,55
Wu_Guanzheng_a201.html,56
Weale's_Running_Frog_dc37.html,57
Weeting_Castle_82a5.html,58
Weena_Morloch_97f3.html,59
Werner_Kiem_c10d.html,60
Wergeland_Township,_Minnesota_4e09.html,61
Werneth_C.C._7227.html,62
Wemindji,_Quebec_df6e.html,63
Wemmick.html,64
Wenatchee_Riverfront_Railway_c39a.html,65
Weighing_matrix.html,66
Weird_fish.html,67
Weight.html,68
Wet-on-wet.html,69
Weyher.html,70
Weyerhaeuser_real_estate_compnay.html,71
Wedgemere_(MBTA_station)_0642.html,72
We're_in_This_Together_(album)_54f8.html,73
We_Leave_At_Dawn_1372.html,74
West_Francia_4918.html,75
Western,_New_York_7351.html,76
West_Sedgemoor_7fee.html,77
Westmount—Saint-Louis_b842.html,78
Westfield,_West_Lothian_9f1b.html,79
Westendorp_v._The_Queen_a1b1.html,80
Western_Canadian_Championships_72d4.html,81
West_Aceh_Regency_3c45.html,82
West_Marshland,_Wisconsin_e4ab.html,83
Western_Norway_Regional_Health_Authority_2256.html,84
Welsleben.html,85
Wellington—Huron_dda5.html,86
Wellington_(Shropshire)_(UK_Parliament_constituency)_058f.html,87
Wells_State_Park_(Michigan)_4465.html,88
Welcome_to_the_Club_(album)_b3fb.html,89
Wells_Fargo_Center_(Salt_Lake_City)_b358.html,90
Welfare_in_the_People's_Republic_of_China_cdc5.html,91
Web-footed_Coquí_dc08.html,92
Wrestling_in_Iran_67e8.html,93
WFVX-LP_6627.html,94
WFDC-TV_a4fd.html,95
WFBY_a09c.html,96
WJTS-LP_27d9.html,97
WNUZ_d533.html,98
Winter_solstice_(disambiguation).html,99
Winnipeg_municipal_election,_2002.html,100
Winter_Chill_17f8.html,101
Winneshiek_County,_Iowa_6ca2.html,102
Winters_High_School_3c01.html,103
Wight_and_Hampshire_East_(European_Parliament_constituency)_2796.html,104
WID_fa9d.html,105
Widerøe_destinations.html,106
Wissous.html,107
Wislikofen.html,108
Wisconsin's_4th_congressional_district.html,109
Wihr-au-Val_0ea2.html,110
Wichita_Thunder_ed26.html,111
Wichita_Falls,_Texas_b2c5.html,112
Wicket_gate.html,113
Will_Rahmer_92a6.html,114
Wilfred__Chicken__Smallhorn_4bff.html,115
William_Murphy_(bishop)_57d1.html,116
William_de_Lovetot_1e4e.html,117
Wilson_Oruma_c6a0.html,118
William_Carstares_ee9a.html,119
William_Golding_e324.html,120
William_Notman_(Canadian_politician)_fcac.html,121
William_Pryor_(writer)_5c9d.html,122
William_Ivins,_Jr._b8a8.html,123
William_A._Coulter_0eb7.html,124
Willie_Buchanon_95d3.html,125
Wilshire_Center,_Los_Angeles,_California_3c32.html,126
Will_Downing_22fd.html,127
William_D._Coolidge_251b.html,128
William_Forsythe_(actor)_c82e.html,129
William_D._Mitchell_18ed.html,130
William_Wirtz_(football_coach)_1056.html,131
William_Redmond_4e6a.html,132
Wilmer_Vasquez_6f21.html,133
William_Philo_7156.html,134
William_J._Bakrow_f212.html,135
Wilpattu_National_Park_cf60.html,136
Wilhelm_von_Knyphausen_af85.html,137
William_Mackey_(priest)_7ce2.html,138
William_Lunn_(rugby_player)_f53f.html,139
Wilhelm_I_of_Limburg_6f62.html,140
William_J._Crow_724d.html,141
Wilma_Smith_e70f.html,142
William_Henry_Lynn_9eeb.html,143
William_Bolling_(MP)_d93e.html,144
William_English_Walling_44e2.html,145
World_Championship_Tennis_b995.html,146
World_Snooker_Championship_1991_7d01.html,147
Work-at-home_scheme.html,148
World_Pump_Festival_1479.html,149
Worcester_Worcesters_300a.html,150
Wordos.html,151
Workers_Party_of_Spain-Communist_Unity_6a87.html,152
Worshipful_Company_of_Painter-Stainers_0281.html,153
World_Class_Track_Meet_e163.html,154
Worth_Township,_Michigan_da6a.html,155
Working_Group_on_Arbitrary_Detention_b65b.html,156
Worthington_Draught_bitter_c790.html,157
World_of_Yesterday_74f8.html,158
Women's_Ice_Hockey_in_Great_Britain_6827.html,159
Wojciech_Dębołęcki_d0b4.html,160
Wong_(comics).html,161
Wonderland_Trail_7109.html,162
Woods_County,_Oklahoma_d180.html,163
Woodville_High_School_a2c1.html,164
Wooldale_Co-operative_Society_c5b5.html,165
Wood_River_High_School_(Idaho)_da65.html,166
Woolley,_Somerset_8204.html,167
Woodenfish.html,168
Wotton,_Gloucester_a428.html,169
Wolf_Pen_f3b0.html,170
WTCM_(AM)_2ff1.html,171
WYFA_6121.html,172
Würselen.html,173
WSOC-TV_5331.html,174
WSTR_e00b.html,175
Where_the_Action_Is_e2aa.html,176
Wheatley,_Oxfordshire_365c.html,177
When_the_Dust_Settles_8965.html,178
White_holes_in_fiction.html,179
White_Oak,_Virginia_4f1d.html,180
Whipped.html,181
Whitmire.html,182
Whitchurch_Hospital_2e1d.html,183
Whittle.html,184
Whitecross,_County_Armagh_32e3.html,185
White-throated_Thrush_55f6.html,186
Who_Am_I__(disambiguation)_021b.html,187
Who_Then_Now__3073.html,188
Who_Will_Cut_Our_Hair_When_We're_Gone__d927.html,189
WHL_Bantam_Draft_a6b4.html,190
WPSC-FM_4a84.html,191
W._H._Austen_a5ff.html,192
WLFN_d265.html,193
Wlodzimierz_Klonowski_de00.html,194
WLPC_18d9.html,195
WBT_7a58.html,196
Åsgreina.html,197
Awit_Awards_7135.html,198
Aargau_frank.html,199
Aaron_Chalmers_3ab5.html,200
Aaron_Laffey_e4ab.html,201
Aakrosh_(1998_film).html,202
Aass_Brewery_36ca.html,203
Autodesk_Developer_Network_cf4f.html,204
AUTOart_b10b.html,205
Augustinian_Province_of_the_Most_Holy_Name_of_Jesus_of_the_Philippines_970a.html,206
August_26.html,207
Augustin_de_La_Balme_73d1.html,208
Audio_filter.html,209
Audrey_Poitras_52b6.html,210
Auston_Rotherham_4bad.html,211
Austin_Area_Terminal_Railroad_c62f.html,212
Australian_Army_Band_Corps_356b.html,213
Australian_cricket_team_in_India_in_2008-09_87e7.html,214
Australian_Libertarian_Society_5312.html,215
Auburn_Township,_Tuscarawas_County,_Ohio_f424.html,216
Aubert_Aviation_1dbe.html,217
AQA_Anthology_32e1.html,218
Aqua_(user_interface).html,219
Avalon,_France_b6fb.html,220
Aviones_de_cristal.html,221
Aviation_Safety_Reporting_System_914a.html,222
Aviodrome.html,223
Avon_Products_6609.html,224
Avtek.html,225
Aeranthes.html,226
Aeneas_(troopship).html,227
Aethosia.html,228
Araki_Murashige_1ed3.html,229
Arachis_villosulicarpa.html,230
Area_code_760.html,231
Areopagite_constitution.html,232
Aree_Song_7116.html,233
Arran_Single_Malt_208e.html,234
Arrondissement_of_Draguignan_3c77.html,235
Army.html,236
Army_Ants_(toy_line)_a841.html,237
Arnprior.html,238
Arizona_locations_by_per_capita_income.html,239
Ariadne_(disambiguation).html,240
Aria_(guitar_company).html,241
Arie,_Nagasaki_63bf.html,242
Aricanduva.html,243
Ariy_Pazovsky_7da1.html,244
Around_the_World_(game)_53f8.html,245
Art_Poe_587a.html,246
Arthur_Wellesley,_5th_Duke_of_Wellington_03a0.html,247
Arthur_Wyatt_(comics)_41c8.html,248
Arthur_Dominy_826f.html,249
Arthur_Godfrey's_Talent_Scouts_3c7d.html,250
Arthur_A._Schuck_3b78.html,251
Artibonite_River_7a7b.html,252
Arthur_G._Hansen_9264.html,253
Arthuret.html,254
Arthur_Lewis_Building_1885.html,255
Artūrs_Krišjānis_Kariņš_ed76.html,256
Arthur_Symonds_b553.html,257
Arthur_Poulter_1422.html,258
Artigues,_Aude_8b0a.html,259
Argeu_Hortênsio_Monjardim_71bd.html,260
Argœuves.html,261
Arkley_(automobile).html,262
Archery_at_the_2004_Summer_Olympics_-_Women's_individual_2237.html,263
Archaeological_Museum_of_Nikopolis_b68f.html,264
Archdiocese_of_Monreale_869c.html,265
Archimandrite_Kyprianos_05b7.html,266
Arctic_Bay,_Nunavut_25d6.html,267
Arcadia,_Florida_37bf.html,268
Archidamus_V_c650.html,269
Archbishop_Holgate's_School_500e.html,270
Archie_Goodall_26d8.html,271
Arcos_de_Valdevez_ade4.html,272
Amandine_(disambiguation).html,273
Amazing_Adventures_of_a_Nobody_2aed.html,274
Amanda_(song).html,275
Amalgamated_Dairies_Limited_0e24.html,276
Amazing_Mendezies_4f50.html,277
Ametrine.html,278
Amende_honorable.html,279
American_Locomotive_Company_7c77.html,280
American_Presence_Post_6df8.html,281
American_Guardian_(truck)_2662.html,282
Americanos.html,283
American_Jewish_Historical_Society_638c.html,284
Ammonoceratites.html,285
Ammouri_Mbark_57b2.html,286
Amis_et_Amiles_7b72.html,287
Amica_Mutual_Insurance_943a.html,288
Amolops_kaulbacki.html,289
Amy_Cohen-Corwin_ca3e.html,290
Amyloid_precursor_protein.html,291
Amherst_Regional_High_School_fb01.html,292
Amphoe_Klaeng_00e0.html,293
Amphoe_Sikao_8888.html,294
Amphoe_Ban_Tak_0b0a.html,295
Amphoe_Mae_Lan_c7cf.html,296
Amphoe_Sai_Noi_3eb7.html,297
Amphorateuthis_alveatus.html,298
AMC_Theatres_0e5a.html,299
Ambalakely.html,300
Ambt_Almelo_8dab.html,301
Ambrosius.html,302
Ambiguity_function.html,303
AFROMET_a16f.html,304
Affirmation_in_law.html,305
Affinity_maturation.html,306
Afterschool_Sound_Records_e3c2.html,307
Afternoon_of_a_Faun_(Rushton)_0873.html,308
Afghan_National_Army_Regional_Hospital_a0cc.html,309
AFCEA_a4de.html,310
Aje.html,311
Anarkali.html,312
Ananian_Culture_da54.html,313
Anarosaurus.html,314
Anara_Gupta_f697.html,315
Anatoliy_Skorokhod_dd58.html,316
Anvik,_Alaska_050e.html,317
Anfillo_(woreda).html,318
Annabella,_Utah_2e52.html,319
Annona_ecuadorensis.html,320
Anne_Langton_f862.html,321
Annamarie_Jagose_3223.html,322
Annual_Reports_Section_C_b853.html,323
Annona_reticulata.html,324
Annawan_Township,_Henry_County,_Illinois_3b95.html,325
Another_Country_4229.html,326
Antonio_da_Ponte_2265.html,327
Antonio_Tabucchi_1c46.html,328
Antonio_Chatman_22d4.html,329
Antoine_Labelle_d162.html,330
Antonio_Francesco_Orioli_b47f.html,331
Antonio_Maria_Colini_e770.html,332
Anthony_Ashley-Cooper,_1st_Earl_of_Shaftesbury_0bd3.html,333
Antoine_Meillet_8281.html,334
Antanas_Žmuidzinavičius_615c.html,335
Anthony_Wright_d3a6.html,336
Anti-Zionism_3913.html,337
Anthene_lycaenina.html,338
Antonio_Pérez_Delgadillo_b6fb.html,339
Antonio_Peña_bdf0.html,340
Ante_Jelavić_ad75.html,341
Antoine_Laurent_de_Jussieu_5b0d.html,342
Antoinette_Westphal_College_of_Media_Arts_and_Design_f2fd.html,343
Anya_MacPherson_4c96.html,344
Anyone's_Son_3463.html,345
AN_TPS-75_6d55.html,346
AN_TRC-97A_Radio_06c8.html,347
Angus_McKay_(politician)_4375.html,348
Anglo-Sikh_wars_317a.html,349
Angola_Slaty_Flycatcher_7eff.html,350
Anderson_River_1934.html,351
Andrew_Howarth_92d1.html,352
Andriy_Yarmolenko_70ef.html,353
Andrius_Mamontovas_2194.html,354
Andaman.html,355
Andrews_County_Veterans_Memorial_aca4.html,356
Andrea_Echeverri_de17.html,357
Androstephium.html,358
Andrew_Crews_1595.html,359
Andre_Gunder_Frank_4dce.html,360
And_Tango_Makes_Three_fc68.html,361
Andrew_Cohen_(footballer)_3a10.html,362
André_Arthur_b651.html,363
Andy_Strouse_94cd.html,364
Andy_Nelson_56a3.html,365
An_Evening_with_Ronnie_Drew_9c88.html,366
An_Audience_and_Ray_Wilson_f577.html,367
Anselm_V,_Archbishop_of_Milan_4298.html,368
Ansells_End_378e.html,369
Anhée.html,370
Anchors_Aweigh_(film)_16ee.html,371
Ancinnes.html,372
Airport_Villa,_Delaware_407d.html,373
Air_(music).html,374
Air_force_officer_ranks.html,375
Medal_of_Honor~_Airborne_b423.html,376
Ainars_Podnieks_5172.html,377
Aigue_Blance_4fcc.html,378
Aiguille_d'Argentière_b2ef.html,379
Aisling.html,380
AICDA_c240.html,381
A1151_road.html,382
Aoyama_Plateau_Wind_Farm_ee31.html,383
Atagün_Yalçınkaya_da2e.html,384
Atmospheric_Studies_Group_109e.html,385
ATF1_c050.html,386
Atomic_Playboys_505b.html,387
Attribute_clash.html,388
Attingal.html,389
Attalea_oleifera.html,390
Atzenbrugg.html,391
Atkinsia.html,392
Athanaric.html,393
Athies,_Somme_bbbb.html,394
Athleta_Christi_49da.html,395
Athanasios_Kostoulas_bd0a.html,396
ATP-binding_cassette_transporter_9321.html,397
Atlantic_Provinces_Economic_Council_a1d3.html,398
Aylesby.html,399
A-F_Records_b8ba.html,400
Agarophyte.html,401
Agudas_Israel_Housing_Association_0a79.html,402
Agua_Dulce,_California_c05c.html,403
Aguanil.html,404
Age_of_Consent_(song)_3fcb.html,405
Age_fabrication.html,406
Agency_for_Public_Management_and_eGovernment_7003.html,407
Agnes_of_Glasgow_3312.html,408
Agnieszka's_Dowry_21f9.html,409
Agia_Dynati_f24a.html,410
Agoranomos.html,411
Aglaia_sapindina.html,412
Azumanga_Daioh_Original_Soundtrack,_Volume_1_7b0f.html,413
Azo_(jurist).html,414
Adam_(unsolved_Thames_murder_case)_5b3a.html,415
AdaBoost_7a9d.html,416
Adam_Studziński_87f1.html,417
Adam_Shantry_1637.html,418
Adversary_proceeding_in_bankruptcy_(USA)_2c8a.html,419
Adelaide_Anderson_c52c.html,420
Adeline_Canac_671f.html,421
Adromischus.html,422
Adonis_Terry_5170.html,423
Adgat.html,424
AD_Seaplane_Type_1000_4b2a.html,425
Adhemar.html,426
ADL_(artist)_e11a.html,427
A_Work_in_Progress_4ec8.html,428
A_Rage_to_Live_c7c5.html,429
A_Journey_in_Other_Worlds_286f.html,430
A_Tribute_to_ABBA_4dae.html,431
A_Short_Organum_for_the_Theatre_8cc2.html,432
A_Smile_and_a_Ribbon_fa55.html,433
Beat_This~_A_Hip-Hop_History_fe4c.html,434
From_Caligari_to_Hitler~_A_Psychological_History_of_the_German_Film_39ee.html,435
A_cause.html,436
New_Queer_Cinema~_A_Critical_Reader_1664.html,437
A_Covenant_of_Thorns_b521.html,438
A_Cabra_745c.html,439
A_Little_Journey_fa91.html,440
A_Love_in_Germany_6814.html,441
A_Blow_for_Me,_A_Toot_for_You_1629.html,442
A_Bridge_Too_Far_(film)_c424.html,443
Akamatsu.html,444
Akiko_Domoto_7e48.html,445
Akyauk.html,446
Ak-Talaa_District_31a0.html,447
Akhmat_Khan_7c32.html,448
Akhlut.html,449
Asao-ku,_Kawasaki_a280.html,450
Asaph_Hall_f021.html,451
Asami_Abe_1ea4.html,452
Asjha_Jones_a5d3.html,453
Asia_and_Pacific_Rim_Peace_Conference_b5dc.html,454
Asia_Nitollano_5074.html,455
Astolfo.html,456
Asturicani.html,457
Astrid_Løken_9e26.html,458
Astor_Radio_Corporation_af9e.html,459
Asylum_(1997_film).html,460
Assault_(horse).html,461
Association_of_Free_Democrats_ed74.html,462
Ashford_station.html,463
Ashtabula_Harbor_Light_493f.html,464
Asheville_Civic_Center_99df.html,465
Ashanthi.html,466
Ashok_Kumar_(British_politician)_cdbe.html,467
Ascender_(climbing).html,468
Ahava.html,469
Ahmed_Abdel_Fattah_ae5f.html,470
Ahmed_bin_Saeed_Al_Maktoum_10c3.html,471
Apasmara.html,472
April_13_(Eastern_Orthodox_liturgics)_e4b3.html,473
April_4_(Eastern_Orthodox_liturgics)_0227.html,474
April_7_(Eastern_Orthodox_liturgics)_f2e2.html,475
Apocalypse_Now_a6a5.html,476
Apollo_Heights_915c.html,477
Apocynum.html,478
Apt,_Vaucluse_8a0a.html,479
AP_United_States_Government_and_Politics_fc7f.html,480
Aphanius_sirhani.html,481
A._C._Wharton_4c5e.html,482
A._Morley_Davies_707d.html,483
A._Karunakaran_2df8.html,484
Academy_School_District_20_5cca.html,485
Acer_ginnala.html,486
Acri.html,487
Acrylate_polymer.html,488
Acid_gas.html,489
Acorna_the_Unicorn_Girl_3ec8.html,490
Acoplanarity.html,491
Acorn_System_4_ef78.html,492
Acoustic_meatus.html,493
Actaeus.html,494
Active_NHL_players_by_nationality_3bf8.html,495
Act_of_Uniformity_1559_0853.html,496
Achmed_Labasanov_2d16.html,497
Achille_Deyrolle_865d.html,498
Accuride_International_07b0.html,499
Alain_Trudel_eafe.html,500
Alan_Old_9e00.html,501
Alan_Brinkley_1861.html,502
Alagoa,_Minas_Gerais_cc43.html,503
Alaincourt.html,504
Alardo_de_Popma_5f1e.html,505
Alain_Junior_Ollé_Ollé_6fd8.html,506
Alanson_Beers_85d2.html,507
Alan_Goodrick_(Gimpo)_39ba.html,508
Alumni_Arena_(University_at_Buffalo)_221b.html,509
Alu_sequence.html,510
Alvarado_Canton_7c2a.html,511
Alvin_Moore_be1d.html,512
Alexander_Spiridovich_7c63.html,513
Alexander_Ivars_de87.html,514
Alexander_House_Center_for_Art_&_History_36bd.html,515
Alexander_Gottlieb_Baumgarten_1e0e.html,516
Alenka_Dovžan_ba06.html,517
Alexander_Nevsky_Cathedral,_Tallinn_5557.html,518
Aleksandar_Radosavljević_(goalkeeper)_4058.html,519
Alexander_Maniatis_5d19.html,520
Alexander_Mar_Thoma_5f37.html,521
Alejandro_Illescas_aaed.html,522
Alex_Glasgow_cecf.html,523
Aletheia.html,524
Alessandro_Piccolo_8182.html,525
Alexander_Technique_1a77.html,526
Alexandre_Jacovleff_d64c.html,527
Aleksandr_Samokhvalov_144b.html,528
Alexei_Seliverstov_047a.html,529
Alexander_Monro_a0f7.html,530
Alma_Rosé_f153.html,531
Alfonso_I_90d2.html,532
Alfred_Hitchcock_filmography_b0bf.html,533
Alfred_Jones_(football_manager)_1cac.html,534
Alfred_Nilsen_51cb.html,535
Alfredo_Baquerizo_Moreno,_Guayas_5ea4.html,536
Alfredo_Rostgaard_f015.html,537
Alfalfa's_Aunt_81d2.html,538
Ali_Sadreddine_Bayanouni_551c.html,539
Alice,_Colorado_7765.html,540
Alice_Municipal_Golf_Course_a6ae.html,541
Alive_Alive-O_78fd.html,542
Ali_Suliman_b4d5.html,543
Alien_Crush_0b93.html,544
Aliens_versus_Predator_2_7706.html,545
Alojzij_Uran_b0da.html,546
Aloeides_caledoni.html,547
Alonzo_de_Barcena_73e8.html,548
Alonso_Mudarra_d719.html,549
Millennia~_Altered_Destinies_98f5.html,550
Altostratus_undulatus_cloud.html,551
Alte_Pinakothek_88e8.html,552
Alto_(disambiguation).html,553
Altadena_Mountain_Rescue_5aba.html,554
Alterswil.html,555
Al-Mustaqbal_80d5.html,556
Al-Ahli_(Dubai)_863f.html,557
Al-mi'raj.html,558
Algernon_Philip_Yorke_Langhorne_3a14.html,559
Aldama.html,560
Aldford.html,561
Aldera.net.html,562
Aldon.html,563
Aldehorno.html,564
Aldershot_Town_1992-93_fea3.html,565
Al_Qurayyat_fa6e.html,566
Al_Jamea_tus_Saifiyah_f1ae.html,567
Alsodes_vittatus.html,568
Alphitonia.html,569
Alpine_Bistort_a226.html,570
Alpha_Ethniki_1968-69_2970.html,571
Allen_Central_High_School_604e.html,572
Alli_Mia_Fora_be8d.html,573
Allan_Jacobsen_32c8.html,574
Allotropes_of_plutonium.html,575
All_Saints_Church,_Hove_412a.html,576
All-Ireland_Intermediate_Club_Hurling_Championship_7145.html,577
All_Over_You_(song)_4e3c.html,578
All_That_I_Know_4f90.html,579
Allaines-Mervilliers_2603.html,580
Allahabad_Airport_b3f6.html,581
Allahu_Akbar_(disambiguation)_18e3.html,582
All_Hallows_be36.html,583
All_Hallows_Staining_16c2.html,584
All_She_Wants_Is_ca85.html,585
All's_Fair_6046.html,586
Allamanda_angustifolia.html,587
Alliance_for_Democracy_(Malawi)_ff74.html,588
Alloa_Athletic_F.C._b8c0.html,589
Albion_(comics).html,590
Albrecht_von_Stosch_a574.html,591
Alba,_Texas_2154.html,592
Albina.html,593
Alberto_Lombardi_dd20.html,594
Alberuela_de_Tubo_bd6e.html,595
Albertina_Berkenbrock_1b4c.html,596
Albert_Levy_(soldier)_9746.html,597
Alberto_Lopo_72ea.html,598
ALBA_Berlin_28d3.html,599
Abu_Ubaidah_al-Masri_25cb.html,600
Abuja_Stock_Exchange_3801.html,601
Abed_Abdi_7619.html,602
Abercromby.html,603
Abraham_P._Stephens_cc89.html,604
Abraxas_(Czech_band)_31b0.html,605
Abraham_Francois_ea44.html,606
Abyss_(religion).html,607
Abd-Allah_ibn_Amr_f58f.html,608
Abdus_Salam_(disambiguation)_0602.html,609
Abdul_Haq_Vidyarthi_582b.html,610
Absolute_Value_(album)_e575.html,611
ABC_Wasp_3b25.html,612
ABC_In_Concert_6d5f.html,613
Abbotts_Ann_3a7a.html,614
Abbott's_Day_Gecko_27f9.html,615
Axis_of_Evil_Comedy_Tour_f493.html,616
Axl.html,617
Uralic-Yukaghir_languages_9c37.html,618
Uru_Music_ae0f.html,619
Urs_Zimmermann_07bf.html,620
Urbise.html,621
Umayyad_conquest_of_Hispania_003f.html,622
Umbelliferone.html,623
Ujazd.html,624
Unanimism.html,625
Une_rose_au_paradis.html,626
Uned_5.html,627
Unreal.html,628
Uni_(mythology).html,629
Unimatrix_Zero_1c90.html,630
United_Citizens_Association_of_Macau_9cbf.html,631
Universitat_d'Andorra_0991.html,632
United_Nations_Security_Council_Resolution_26_b324.html,633
Universities_and_Colleges_Athletic_Association_7b01.html,634
United_States_Telecom_Association_bfa0.html,635
United_States_Federal_Protective_Service_8857.html,636
University_of_Texas_at_Austin_College_of_Natural_Sciences_a940.html,637
United_States_Fed_Cup_team_e9fd.html,638
United_States_Parole_Commission_8e33.html,639
University_of_California,_Irvine,_Arboretum_444f.html,640
United_Nations_Mission_in_Haiti_4df9.html,641
United_States_Grazing_Service_4fe9.html,642
United_States_House_of_Representatives_elections_in_Colorado,_2006_cd80.html,643
University_of_Alaska_Press_1d85.html,644
UNIcert_5cdf.html,645
Union_steward.html,646
University_of_Texas_at_Austin_College_of_Fine_Arts_bb62.html,647
United_Nations_Security_Council_Resolution_292_2461.html,648
United_States_Senate_election_in_Maryland,_2006_ec16.html,649
United_States_House_of_Representatives_elections_in_South_Carolina,_1924_14b3.html,650
Uniden.html,651
United_Nations_Security_Council_Resolution_661_1040.html,652
Universiteitskrant.html,653
Union_Township,_Knox_County,_Nebraska_2a4d.html,654
University_of_Belgrano_dc54.html,655
Union_of_Mauritanian_Workers_9c0e.html,656
United_States_Note_d226.html,657
University_of_Connecticut_School_of_Law_2724.html,658
Universal_Robotics_0bd1.html,659
United_States_Bicycle_Motocross_Association_97e9.html,660
Union_River_5103.html,661
Un_po'_d'amore_(album).html,662
UIUC_College_of_Engineering_ccae.html,663
Utban_ibn_Malik_b305.html,664
Uganda_Securities_Exchange_93f1.html,665
Ukrainian_Village,_Chicago_f4fe.html,666
USS_Jacamar_d88f.html,667
USS_Goff_(DD-247)_1164.html,668
USS_Long_Island_(SP-572)_0ed8.html,669
USS_Neshaminy_(1865)_704b.html,670
USS_Halcyon_ac33.html,671
USS_Michigan_(SSBN-727)_3c92.html,672
USS_Chinook_(PC-9)_b5d9.html,673
USS_Ozbourn_(DD-846)_c650.html,674
USS_Nemasket_(AOG-10)_9646.html,675
USS_Philippine_Sea_170f.html,676
USS_Arcturus_(AF-52)_54bd.html,677
USS_Hingham_(PF-30)_15b7.html,678
USS_Lancaster_(1858)_c323.html,679
USS_Ponchatoula_(AO-148)_b95b.html,680
USS_Queen_of_the_West_(1854)_b8b4.html,681
USS_Chopper_(SS-342)_8c69.html,682
USS_Covington_(ID-1409)_c32f.html,683
USS_Ohio_(1820)_5840.html,684
USS_Dutchess_(APA-98)_9f78.html,685
Upwood.html,686
Upton,_Cornwall_bdda.html,687
Up_Up_Up_Up_Up_Up_b8d3.html,688
Up_and_under.html,689
Upstep_(phonetics).html,690
Upsala_Nya_Tidning_a684.html,691
Upper_Freehold_Township,_New_Jersey_862c.html,692
Uppuguda.html,693
Upper_Silesia_7f4c.html,694
Upconverter.html,695
Uplands,_Greater_Victoria_f873.html,696
U.S._Route_50_in_Utah_c060.html,697
Uchtred,_Lord_of_Galloway_0817.html,698
Ulmanis.html,699
Ulmus_parvifolia_'Lois_Hole'_d478.html,700
Qari_Tayyeb_Qasmi_(R.A.)_2730.html,701
Qasim_Park_08d8.html,702
Qalbi_Be_khatar_dc6d.html,703
Quarona.html,704
Quarantine_(2008_film).html,705
Quadrate_(heraldry).html,706
Quantum_thermodynamics.html,707
Quad_(play).html,708
QuarkNet_5e62.html,709
Quest_for_Fire_(film)_9452.html,710
Queen_of_the_New_Year_ba96.html,711
Quentin_Westberg_b584.html,712
Queersicht.html,713
Quebec_Route_101_ebd9.html,714
Quinternion.html,715
Quick_Response_351f.html,716
Quilt.html,717
Quotation.html,718
Québec_(electoral_district).html,719
QFD_2033.html,720
Qingdao_Technological_University_55ff.html,721
Qinglung.html,722
Q-exponential.html,723
Q-Bee_cea8.html,724
Văraştina_River_(Botizu)_2d3b.html,725
Vampyrìsme,_Nècrophilie,_Nècrosadisme,_Nècrophagie_43fc.html,726
Vanhankaupunginlahti.html,727
Vandelans.html,728
Van_Gend_en_Loos_v._Nederlandse_Administratie_der_Belastingen_8f21.html,729
Vansittart_Island_c323.html,730
Vatt_Lobo_a853.html,731
Vagif_Bayatly_Oner_c788.html,732
Vazeilles-près-Saugues_63ef.html,733
Vazhakkala.html,734
Vakås_Station_d886.html,735
Vasoline.html,736
Vasco_Mendonça_7cdc.html,737
Vassian_Patrikeyev_cfd7.html,738
Valosin-containing_protein.html,739
Valley_Power_63f8.html,740
Valentinus.html,741
Valley_Christian_School_855e.html,742
Valerius_Aedituus_5968.html,743
Valdemar_Santana_c685.html,744
Valerie_Bertinelli_4f4d.html,745
Valles_Mines,_Missouri_bcb9.html,746
Valea_Seacă_River_(Olt)_6ab4.html,747
Valentina_Kozyr_7c47.html,748
Valea_Saulei_River_7114.html,749
Valeri_Georgiev_36f6.html,750
Vuelta_a_Mallorca_9612.html,751
VV_Capelle_e9c4.html,752
Víctor_Moya_cbe5.html,753
Vertical_thinking.html,754
Vermilion_Cardinal_250f.html,755
Vernal_pool.html,756
Verónico_Cruz_(film)_fa73.html,757
Verdet_constant.html,758
Veruschka.html,759
Vermont_Route_30_85c6.html,760
Vent_(submarine).html,761
VentureForth_dcd1.html,762
Veikkausliiga_2006.html,763
Veidt.html,764
Veitchia_macdanielsii.html,765
Veyrins-Thuellin_6135.html,766
Vega4.html,767
Velotte-et-Tatignécourt_1f68.html,768
Velilla_de_los_Ajos_17f9.html,769
Vellian_Crowler_a208.html,770
Vrdnik_(disambiguation).html,771
Viète's_formula.html,772
Viasat_4.html,773
Viviana_Zelizer_65c3.html,774
Vivaldi_coordinates.html,775
Viva_Ned_Flanders_9782.html,776
Vivaro-Alpine_8b2c.html,777
Views_On_News_0c9d.html,778
Virginia_State_Route_127_321a.html,779
Virginia_Landmarks_Register_1f72.html,780
Virginia_State_Route_205_dc7c.html,781
Vincristine.html,782
Violin_Concerto_(Schumann)_fb17.html,783
Vittorio_Colizzi_aa38.html,784
Vik_Venus_5dd6.html,785
Visalia_Metropolitan_Area_7b1e.html,786
Vision_for_Space_Exploration_eaf2.html,787
Viscount_Monckton_of_Brenchley_9309.html,788
Visions_of_Atlantis_62af.html,789
Vistula_land.html,790
Vision_of_a_Knight_(Raphael)_ee36.html,791
Viscount_(biscuit).html,792
Viscount_Mountmorres_of_Castlemorres_7f56.html,793
Victor_Stafford_Reid_5556.html,794
Victaphanta_compacta.html,795
Vicegerent.html,796
Vicki_Archer_f6d7.html,797
Victory_Records_7d1e.html,798
Victoria_of_the_United_Kingdom_5e8e.html,799
Vicq-sur-Gartempe_4986.html,800
Vice_President_of_the_Philippines_3130.html,801
Victor_Kearney_7994.html,802
